user_id,scenario,condition,rep,tap_duration_ms,tap_pressure,tap_area,swipe_speed_px_s,swipe_length_px,swipe_duration_ms,inter_tap_interval_ms,tap_x_variance,tap_y_variance,acc_x_mean,acc_y_mean,acc_z_mean,acc_magnitude_mean,acc_x_std,acc_y_std,acc_z_std,gyro_x_mean,gyro_y_mean,gyro_z_mean,gyro_x_std,gyro_y_std,gyro_z_std,tilt_angle_mean,tilt_angle_std,rotation_rate_mean
hmog_031,reading,sitting,0,98.6606843940999,0.40090193841871913,0.298178606534018,905.4570474569852,279.3318794802517,513.6835372534531,667.101664260239,1.813312155975717,0.48583921781686445,0.7343549955284988,-2.7492201205455387,10.690259116527335,7.6778252381542185,0.6493559389618425,1.5303703905631796,0.741380483591062,0.12694361397761353,-0.1236428226101583,-0.1902340534200557,0.5870766708318488,0.3137644390365636,0.11943518825806376,20.124591819847254,8.050297073422483,0.6812591285069466
hmog_031,reading,sitting,1,110.48623573079124,0.26273478039144793,0.21684279433860104,686.0801528585223,322.8658668370868,581.9421557918748,632.7092245300379,5.248850631421538,3.0046479354079594,1.7443129160334432,-4.2698616965749645,10.501527790551432,8.923546055154253,0.6875859433201085,1.4741071257381781,0.7829893503628909,0.07301414408772014,-0.07145890687634558,-0.16229277780605936,0.6576915076670496,0.4125220170979329,0.18334488402767277,15.609712461696622,7.651819687053366,0.3919059416017935
hmog_031,reading,sitting,2,80.12625936117415,0.31816618164845306,0.2096134626539737,725.395621538237,364.5855390476127,420.5082066602406,610.5445579602265,7.580220357068518,1.9971344660993637,1.4888855197102864,-3.403589660124816,10.203094452204821,8.81741331754964,0.6700714047471528,1.2192161513120057,0.6354874865565263,0.07786548943892417,-0.17551682967381274,-0.15425401106936176,0.6358121905498859,0.39331056889822824,0.2306710456634199,10.607679140845617,5.39276912296477,0.3325764794041336
hmog_031,reading,sitting,3,73.07846422726487,0.39327800817803965,0.2196829864032095,752.6684328023777,404.2298827286874,499.0373096032495,642.6981512590604,8.229421428130495,3.8022473281344933,0.9138053894700051,-3.901303471489862,11.10161696682069,8.671138237629133,0.551903875070281,1.328775543249306,0.817899386147868,0.13487042302510202,-0.07843359213260592,-0.1854749205153103,0.5478023929614764,0.3557155053179568,0.1349521481778166,11.047676155311697,6.741850119420301,0.3716745944809095
hmog_031,reading,walking,0,122.07242245258068,0.2981342844922654,0.20790736823979755,649.083821770243,305.06355386496443,498.2764085340308,620.097052836673,6.672706510768029,0.7614447523519852,1.5884565221515974,-6.934218395842567,27.56933029459969,21.54258173659327,1.7182734829660353,3.786631181614629,1.9101225029121756,0.23418075458818371,-0.4035517558030195,-0.3879132863724083,1.577915084477473,0.878474630387497,0.3753133356973788,11.723196995946251,4.499920108684727,0.5926643608108302
hmog_031,reading,walking,1,109.94044570628759,0.2848889035782937,0.27589705442647133,708.8142233287784,439.7774902533601,479.41050146182647,729.8727607713539,5.190836781023062,4.083681841463714,2.558704303039594,-8.610445765144775,27.58871733803019,22.20576774206125,1.585171612286894,3.501448231849007,1.735202698360938,0.14946742675216512,-0.2631310399061468,-0.3708759425611731,1.4820421552580127,1.0858298999349623,0.4026382920009943,6.093342054852543,3.494962605888215,1.2874391997383048
hmog_031,reading,walking,2,93.11339678075731,0.36426421936434505,0.303525581962389,715.5568770094508,336.84263602707597,455.63077418223884,733.5266997279849,4.990899959124086,4.088428484366294,4.828987160571198,-10.862183784708254,26.56579751446378,21.308973951222164,2.1271487565265965,3.0668361794686816,2.71537293581726,0.23303761654271682,-0.28140540037588874,-0.44196227714796904,1.6802433840798006,1.1516978326132061,0.43829906275525377,11.288270289320815,7.054055018707594,1.284296752794946
hmog_031,reading,walking,3,99.6380433961127,0.34795312057720423,0.3145961543988271,615.0490292081046,495.7469141533851,501.85339892439526,471.6164175371354,7.847086889944786,3.852668710447905,2.013591157530109,-8.722146187780833,27.09443317949923,21.68035540392705,1.6754500040255556,3.4601951286007147,2.19380465975564,-0.07248621995560497,-0.40060824047836413,-0.43289531391612524,1.4766318918618289,0.8010663232193268,0.46145562858811057,14.047377196187433,5.537980097663457,1.1626538083057725
hmog_031,typing,sitting,0,105.85688425369565,0.2144165244022374,0.2724089110942998,684.8600354907361,359.551159112112,397.6395833852947,669.399459764378,1.6793946825021666,-1.8999501384654964,1.2358362599090547,-3.3363804044790655,10.26381138437062,7.578386988578835,0.6979744818237209,1.586653291950319,0.6748084339764544,-0.042843765123799435,-0.12637973884859574,-0.1876048925337586,0.5615518527739071,0.42305223104327494,0.1308764205127212,14.639679235771206,4.369443464828745,0.3976098592965806
hmog_031,typing,sitting,1,98.21286695378404,0.35316161745955355,0.13187950898237732,654.2835436582542,324.6902556033483,433.615300656945,655.6845890002985,4.6493859064183845,2.2135223198446092,1.5372469927079646,-2.5549440737970377,10.359297994430353,8.46233553267145,0.487986075125749,1.4032821649607097,0.6783574594543886,0.12276491721819975,-0.11557609651599243,-0.21231680386644766,0.6606187011613158,0.41051586238740323,0.21056061457872305,12.149029259501397,4.159515051236914,0.2142261628576705
hmog_031,typing,sitting,2,107.94144622993977,0.2694068527065141,0.2956004655525043,644.9186815918882,350.48192327732835,556.1828077226435,683.48176134163,2.3007718650242297,3.0437221162286523,2.152045832803517,-2.3208538463157407,10.201796710978366,8.53787894167995,0.7021505784131652,1.389761078805524,0.7242188190277034,0.012775516349564087,-0.15102743988927686,-0.1798197193138813,0.5315214684269409,0.43475052207550813,0.12981222902835002,22.47174731748914,7.4865589332346,0.44016129159192363
hmog_031,typing,sitting,3,95.2229186083696,0.3436115552363967,0.24503893594384293,711.5637920710526,412.98476394555126,527.3573838623835,739.0932597286603,5.829690038361847,3.4431040338773338,1.3135213340297596,-3.626518675942436,10.800560175764373,8.743926470034864,0.5718889121360925,1.3496220894950366,0.6692558990478127,0.12150039308001907,-0.14380130159091598,-0.1882112780622917,0.635733754957204,0.41803076784191767,0.215612090456406,14.884818475395655,5.224329924197497,0.48629979602991374
hmog_031,typing,walking,0,95.5848401358889,0.30535300626903455,0.2350081142822784,821.6852593845734,403.35618134102697,484.16617014933047,777.5431198751255,2.6743649449409586,6.097979581362766,2.61440924136686,-9.477348367503238,25.193046481786688,22.231051037542144,2.088933955168417,3.667090443352783,2.4994605165441426,0.13553905918032477,-0.4617758033312176,-0.4636309703122991,1.543946728586506,0.7898196757540912,0.34465259343133,10.738645172260672,8.428288359446736,0.5402729125524243
hmog_031,typing,walking,1,75.6659959562897,0.33239774986717235,0.2923931658590374,499.3005006467926,432.62192371695596,452.3623296033268,686.1826037744225,6.628262823531341,5.233317092294791,4.868634915659706,-7.19409705282499,26.79003484327031,22.12767352840681,1.573806118011587,3.4238307486232507,2.0976692791443203,0.24343093460036103,-0.10095724636905395,-0.5368368230184982,1.328920232785939,1.0508517693377433,0.2458335710269648,14.27795894845324,6.752782528298684,0.9610958706931544
hmog_031,typing,walking,2,117.81126642488044,0.4020355153239336,0.24309087978713828,795.4326594422624,322.7717732240784,432.74216481541487,708.421511389025,1.9813278449294187,0.631827820031944,3.9298742443532153,-7.340684818059178,27.037962945517133,20.75934627213367,1.6384563158179373,3.498344509473828,2.103109716076846,0.2317860598451227,-0.3517968901833068,-0.425326036813056,1.3922014737608621,0.9303023470100622,0.3175244307659538,7.371608446944354,5.490646787519795,0.8442332516702927
hmog_031,typing,walking,3,84.04960074342296,0.35032152745514156,0.2417146437615638,620.8997511034763,458.72495061806455,449.75853701114755,597.7510490853708,5.8146151879812855,2.1853471340467396,2.3960509878997938,-8.771810312901174,25.824968037570603,21.74369693705418,1.6491432498853873,3.974048165759108,2.1153333067029956,0.28140298092980354,-0.32811707454690153,-0.38839986765856377,1.5792025637478277,0.9114540646018764,0.5166562594760973,16.609563437361167,7.276720650586816,0.6697713580361953
hmog_031,map_navigation,sitting,0,104.0948313182611,0.2892938959300019,0.23541608018568497,670.3289916153192,416.0637794752413,525.7693920287975,716.6581713489686,6.510004430350743,2.854922532058574,1.2206781838738405,-4.555329855805709,10.063235297883805,8.359319169616336,0.43195015170332174,1.497444575012326,0.8679493758903252,0.22724186550031056,-0.16046201808992727,-0.16433934093668467,0.6102219988530481,0.2722822870872229,0.19238744570681235,7.613343866233548,7.556727827041949,0.29741608069280234
hmog_031,map_navigation,sitting,1,104.80115420367076,0.3377072987863527,0.24106178355768546,609.6873518056566,342.37036738192984,500.98774382946226,723.6295150013931,6.974068102739304,1.8588959136099477,1.3786077044153855,-4.3990341296983875,10.74877965825646,8.06213137548741,0.6025247623322092,1.284082768310098,0.7753689409933832,0.11705259889173025,-0.07395056909364178,-0.18525520475580906,0.6612864760109207,0.38543753294909805,0.16641954452128155,10.964408468945901,5.022503076975426,0.17843396802973568
hmog_031,map_navigation,sitting,2,105.85688425369565,0.2144165244022374,0.2724089110942998,684.8600354907361,359.551159112112,397.6395833852947,669.399459764378,1.6793946825021666,-1.8999501384654964,1.2358362599090547,-3.3363804044790655,10.26381138437062,7.578386988578835,0.6979744818237209,1.586653291950319,0.6748084339764544,-0.042843765123799435,-0.12637973884859574,-0.1876048925337586,0.5615518527739071,0.42305223104327494,0.1308764205127212,14.639679235771206,4.369443464828745,0.3976098592965806
hmog_031,map_navigation,sitting,3,98.21286695378404,0.35316161745955355,0.13187950898237732,654.2835436582542,324.6902556033483,433.615300656945,655.6845890002985,4.6493859064183845,2.2135223198446092,1.5372469927079646,-2.5549440737970377,10.359297994430353,8.46233553267145,0.487986075125749,1.4032821649607097,0.6783574594543886,0.12276491721819975,-0.11557609651599243,-0.21231680386644766,0.6606187011613158,0.41051586238740323,0.21056061457872305,12.149029259501397,4.159515051236914,0.2142261628576705
hmog_031,map_navigation,walking,0,107.96079060976321,0.33729612444202334,0.28512499792277235,513.2551847252328,449.20207226784447,561.539081106302,623.2725124193194,2.7884633389044735,3.7397715231960826,2.9352635269228657,-8.390584998866434,27.974383359011302,21.260285013121614,1.5364630672507396,3.8436597893258138,1.9678191302410881,0.15356714929594495,-0.229660322556671,-0.38342264806090137,1.476231846254577,0.9219507177055418,0.2932314751004089,7.895988703295748,7.131649449020394,0.8730872666908972
hmog_031,map_navigation,walking,1,99.37001178839313,0.25804296688023565,0.24041216133374327,851.9314628540156,342.745411840006,509.4382353742915,673.3482090937074,0.43437587013000556,3.3274050886337454,5.4332751313462815,-7.826230565050518,27.636348528717708,21.60785346536848,1.7667112028822671,3.431922918170801,1.598707256502084,0.3338134607162188,-0.30766517509213737,-0.6456760801970791,1.6226913641803484,0.9646519280636108,0.34482538148676956,11.568379903024319,6.312255416731787,0.9651763342891194
hmog_031,map_navigation,walking,2,95.5848401358889,0.30535300626903455,0.2350081142822784,821.6852593845734,403.35618134102697,484.16617014933047,777.5431198751255,2.6743649449409586,6.097979581362766,2.61440924136686,-9.477348367503238,25.193046481786688,22.231051037542144,2.088933955168417,3.667090443352783,2.4994605165441426,0.13553905918032477,-0.4617758033312176,-0.4636309703122991,1.543946728586506,0.7898196757540912,0.34465259343133,10.738645172260672,8.428288359446736,0.5402729125524243
hmog_031,map_navigation,walking,3,75.6659959562897,0.33239774986717235,0.2923931658590374,499.3005006467926,432.62192371695596,452.3623296033268,686.1826037744225,6.628262823531341,5.233317092294791,4.868634915659706,-7.19409705282499,26.79003484327031,22.12767352840681,1.573806118011587,3.4238307486232507,2.0976692791443203,0.24343093460036103,-0.10095724636905395,-0.5368368230184982,1.328920232785939,1.0508517693377433,0.2458335710269648,14.27795894845324,6.752782528298684,0.9610958706931544
